{"cameraMode":{"drawMode":0,"name":"Shaded","section":"Shading Mode"},"sceneLighting":true,"audioPlay":false,"sceneViewState":{"m_AlwaysRefresh":false,"showFog":true,"showSkybox":false,"showFlares":true,"showImageEffects":true,"showParticleSystems":true,"showVisualEffectGraphs":true,"m_FxEnabled":true},"in2DMode":false,"pivot":{"x":-0.49429768323898318,"y":1.600645899772644,"z":0.12106535583734513},"rotation":{"x":0.022725248709321023,"y":-0.9769935011863709,"z":0.1374894678592682,"w":0.16146935522556306},"size":9.847686767578125,"orthographic":false}